"first_name","last_name","address","city","county","state","zip","phone","email","rewards""James","Butt","6649 N Blue Gum St","New Orleans","Orleans","LA",70116,"504-621-8927","jbutt@gmail.com","gold ""Josephine","Darakjy","4 B Blue Ridge Blvd","Brighton","Livingston","MI",48116,"810-292-9388","josephine_darakjy@darakjy.org","silver""Art","Venere","8 W Cerritos Ave #54","Bridgeport","Gloucester","NJ",8014,"856-636-8749","art@venere.org","silver""Lenna","Paprocki","639 Main St","Anchorage","Anchorage","AK",99501,"907-385-4412","lpaprocki@hotmail.com","platinum""Donette","Foller","34 Center St","Hamilton","Butler","OH",45011,"513-570-1893","donette.foller@cox.net","bronze""Simona","Morasca","3 Mcauley Dr","Ashland","Ashland","OH",44805,"419-503-2484","simona@morasca.com","platinum""Mitsue","Tollner","7 Eads St","Chicago","Cook","IL",60632,"773-573-6914","mitsue_tollner@yahoo.com","silver""Leota","Dilliard","7 W Jackson Blvd","San Jose","Santa Clara","CA",95111,"408-752-3500","leota@hotmail.com","gold ""Sage","Wieser","5 Boston Ave #88","Sioux Falls","Minnehaha","SD",57105,"605-414-2147","sage_wieser@cox.net","bronze"